date,value,elevation,station_id
2018-06-22,63.0,1722,GHCND:USR0000CBOG
2018-06-22,76.0,1267,GHCND:USR0000CLAS
2018-06-22,64.0,1725,GHCND:USR0000CMAN
2018-06-22,68.0,1767,GHCND:USR0000CWES
2018-06-22,80.0,736,GHCND:USR0000CWHT
2018-06-21,75.0,736,GHCND:USR0000CWHT
2018-06-21,60.0,1722,GHCND:USR0000CBOG
2018-06-21,73.0,1267,GHCND:USR0000CLAS
2018-06-21,61.0,1725,GHCND:USR0000CMAN
2018-06-21,65.0,1767,GHCND:USR0000CWES
2018-06-20,74.0,736,GHCND:USR0000CWHT
2018-06-20,60.0,1722,GHCND:USR0000CBOG
2018-06-20,71.0,1267,GHCND:USR0000CLAS
2018-06-20,60.0,1725,GHCND:USR0000CMAN
2018-06-20,65.0,1767,GHCND:USR0000CWES
2018-06-19,74.0,736,GHCND:USR0000CWHT
2018-06-19,57.0,1722,GHCND:USR0000CBOG
2018-06-19,71.0,1267,GHCND:USR0000CLAS
2018-06-19,59.0,1725,GHCND:USR0000CMAN
2018-06-19,62.0,1767,GHCND:USR0000CWES
2017-06-22,89.0,736,GHCND:USR0000CWHT
2017-06-22,67.0,1722,GHCND:USR0000CBOG
2017-06-22,85.0,1267,GHCND:USR0000CLAS
2017-06-22,72.0,1725,GHCND:USR0000CMAN
2017-06-22,72.0,1767,GHCND:USR0000CWES
2017-06-21,69.0,1722,GHCND:USR0000CBOG
2017-06-21,85.0,1267,GHCND:USR0000CLAS
2017-06-21,72.0,1725,GHCND:USR0000CMAN
2017-06-21,74.0,1767,GHCND:USR0000CWES
2017-06-21,88.0,736,GHCND:USR0000CWHT
2017-06-20,87.0,736,GHCND:USR0000CWHT
2017-06-20,67.0,1722,GHCND:USR0000CBOG
2017-06-20,83.0,1267,GHCND:USR0000CLAS
2017-06-20,72.0,1725,GHCND:USR0000CMAN
2017-06-20,76.0,1767,GHCND:USR0000CWES
2017-06-19,81.0,736,GHCND:USR0000CWHT
2017-06-19,63.0,1722,GHCND:USR0000CBOG
2017-06-19,83.0,1267,GHCND:USR0000CLAS
2017-06-19,67.0,1725,GHCND:USR0000CMAN
2017-06-19,75.0,1767,GHCND:USR0000CWES
2016-06-22,76.0,736,GHCND:USR0000CWHT
2016-06-22,61.0,1722,GHCND:USR0000CBOG
2016-06-22,72.0,1267,GHCND:USR0000CLAS
2016-06-22,61.0,1725,GHCND:USR0000CMAN
2016-06-22,66.0,1767,GHCND:USR0000CWES
2016-06-21,75.0,736,GHCND:USR0000CWHT
2016-06-21,60.0,1722,GHCND:USR0000CBOG
2016-06-21,73.0,1267,GHCND:USR0000CLAS
2016-06-21,60.0,1725,GHCND:USR0000CMAN
2016-06-21,67.0,1767,GHCND:USR0000CWES
2016-06-20,71.0,736,GHCND:USR0000CWHT
2016-06-20,57.0,1722,GHCND:USR0000CBOG
2016-06-20,69.0,1267,GHCND:USR0000CLAS
2016-06-20,56.0,1725,GHCND:USR0000CMAN
2016-06-20,64.0,1767,GHCND:USR0000CWES
2016-06-19,53.0,1722,GHCND:USR0000CBOG
2016-06-19,65.0,1267,GHCND:USR0000CLAS
2016-06-19,53.0,1725,GHCND:USR0000CMAN
2016-06-19,59.0,1767,GHCND:USR0000CWES
2016-06-19,67.0,736,GHCND:USR0000CWHT
2015-06-22,71.0,736,GHCND:USR0000CWHT
2015-06-22,58.0,1722,GHCND:USR0000CBOG
2015-06-22,69.0,1267,GHCND:USR0000CLAS
2015-06-22,57.0,1725,GHCND:USR0000CMAN
2015-06-22,64.0,1767,GHCND:USR0000CWES
2015-06-21,72.0,736,GHCND:USR0000CWHT
2015-06-21,58.0,1722,GHCND:USR0000CBOG
2015-06-21,70.0,1267,GHCND:USR0000CLAS
2015-06-21,57.0,1725,GHCND:USR0000CMAN
2015-06-21,62.0,1767,GHCND:USR0000CWES
2015-06-20,61.0,1722,GHCND:USR0000CBOG
2015-06-20,73.0,1267,GHCND:USR0000CLAS
2015-06-20,60.0,1725,GHCND:USR0000CMAN
2015-06-20,67.0,1767,GHCND:USR0000CWES
2015-06-20,75.0,736,GHCND:USR0000CWHT
2015-06-19,74.0,736,GHCND:USR0000CWHT
2015-06-19,61.0,1722,GHCND:USR0000CBOG
2015-06-19,71.0,1267,GHCND:USR0000CLAS
2015-06-19,59.0,1725,GHCND:USR0000CMAN
2015-06-19,65.0,1767,GHCND:USR0000CWES
2014-06-22,75.0,736,GHCND:USR0000CWHT
2014-06-22,60.0,1722,GHCND:USR0000CBOG
2014-06-22,72.0,1267,GHCND:USR0000CLAS
2014-06-22,60.0,1725,GHCND:USR0000CMAN
2014-06-22,64.0,1767,GHCND:USR0000CWES
2014-06-21,58.0,1722,GHCND:USR0000CBOG
2014-06-21,70.0,1267,GHCND:USR0000CLAS
2014-06-21,58.0,1725,GHCND:USR0000CMAN
2014-06-21,63.0,1767,GHCND:USR0000CWES
2014-06-21,74.0,736,GHCND:USR0000CWHT
2014-06-20,74.0,736,GHCND:USR0000CWHT
2014-06-20,59.0,1722,GHCND:USR0000CBOG
2014-06-20,70.0,1267,GHCND:USR0000CLAS
2014-06-20,57.0,1725,GHCND:USR0000CMAN
2014-06-20,63.0,1767,GHCND:USR0000CWES
2014-06-19,73.0,736,GHCND:USR0000CWHT
2014-06-19,58.0,1722,GHCND:USR0000CBOG
2014-06-19,69.0,1267,GHCND:USR0000CLAS
2014-06-19,57.0,1725,GHCND:USR0000CMAN
2014-06-19,63.0,1767,GHCND:USR0000CWES
2013-06-22,73.0,736,GHCND:USR0000CWHT
2013-06-22,57.0,1722,GHCND:USR0000CBOG
2013-06-22,69.0,1267,GHCND:USR0000CLAS
2013-06-22,58.0,1725,GHCND:USR0000CMAN
2013-06-22,60.0,1767,GHCND:USR0000CWES
2013-06-21,52.0,1722,GHCND:USR0000CBOG
2013-06-21,64.0,1267,GHCND:USR0000CLAS
2013-06-21,53.0,1725,GHCND:USR0000CMAN
2013-06-21,55.0,1767,GHCND:USR0000CWES
2013-06-21,69.0,736,GHCND:USR0000CWHT
2013-06-20,65.0,736,GHCND:USR0000CWHT
2013-06-20,49.0,1722,GHCND:USR0000CBOG
2013-06-20,60.0,1267,GHCND:USR0000CLAS
2013-06-20,49.0,1725,GHCND:USR0000CMAN
2013-06-20,51.0,1767,GHCND:USR0000CWES
2013-06-19,58.0,736,GHCND:USR0000CWHT
2013-06-19,46.0,1722,GHCND:USR0000CBOG
2013-06-19,52.0,1267,GHCND:USR0000CLAS
2013-06-19,44.0,1725,GHCND:USR0000CMAN
2013-06-19,45.0,1767,GHCND:USR0000CWES
2012-06-22,55.0,736,GHCND:USR0000CWHT
2012-06-22,47.0,1722,GHCND:USR0000CBOG
2012-06-22,53.0,1267,GHCND:USR0000CLAS
2012-06-22,46.0,1725,GHCND:USR0000CMAN
2012-06-22,48.0,1767,GHCND:USR0000CWES
2012-06-21,73.0,736,GHCND:USR0000CWHT
2012-06-21,60.0,1722,GHCND:USR0000CBOG
2012-06-21,71.0,1267,GHCND:USR0000CLAS
2012-06-21,59.0,1725,GHCND:USR0000CMAN
2012-06-21,65.0,1767,GHCND:USR0000CWES
2012-06-20,75.0,736,GHCND:USR0000CWHT
2012-06-20,58.0,1722,GHCND:USR0000CBOG
2012-06-20,73.0,1267,GHCND:USR0000CLAS
2012-06-20,60.0,1725,GHCND:USR0000CMAN
2012-06-20,64.0,1767,GHCND:USR0000CWES
2012-06-19,53.0,1722,GHCND:USR0000CBOG
2012-06-19,67.0,1267,GHCND:USR0000CLAS
2012-06-19,56.0,1725,GHCND:USR0000CMAN
2012-06-19,58.0,1767,GHCND:USR0000CWES
2012-06-19,70.0,736,GHCND:USR0000CWHT
2011-06-22,80.0,736,GHCND:USR0000CWHT
2011-06-22,65.0,1722,GHCND:USR0000CBOG
2011-06-22,65.0,1722,GHCND:USR0000CBOG
2011-06-22,77.0,1267,GHCND:USR0000CLAS
2011-06-22,67.0,1725,GHCND:USR0000CMAN
2011-06-22,69.0,1767,GHCND:USR0000CWES
2011-06-21,81.0,736,GHCND:USR0000CWHT
2011-06-21,64.0,1722,GHCND:USR0000CBOG
2011-06-21,77.0,1267,GHCND:USR0000CLAS
2011-06-21,66.0,1725,GHCND:USR0000CMAN
2011-06-21,70.0,1767,GHCND:USR0000CWES
2011-06-20,76.0,736,GHCND:USR0000CWHT
2011-06-20,61.0,1722,GHCND:USR0000CBOG
2011-06-20,73.0,1267,GHCND:USR0000CLAS
2011-06-20,65.0,1725,GHCND:USR0000CMAN
2011-06-20,66.0,1767,GHCND:USR0000CWES
2011-06-19,55.0,1722,GHCND:USR0000CBOG
2011-06-19,65.0,1267,GHCND:USR0000CLAS
2011-06-19,56.0,1725,GHCND:USR0000CMAN
2011-06-19,56.0,1767,GHCND:USR0000CWES
2011-06-19,69.0,736,GHCND:USR0000CWHT
2010-06-22,71.0,736,GHCND:USR0000CWHT
2010-06-22,57.0,1722,GHCND:USR0000CBOG
2010-06-22,68.0,1267,GHCND:USR0000CLAS
2010-06-22,58.0,1725,GHCND:USR0000CMAN
2010-06-22,62.0,1767,GHCND:USR0000CWES
2010-06-21,53.0,1722,GHCND:USR0000CBOG
2010-06-21,65.0,1267,GHCND:USR0000CLAS
2010-06-21,56.0,1725,GHCND:USR0000CMAN
2010-06-21,55.0,1767,GHCND:USR0000CWES
2010-06-21,68.0,736,GHCND:USR0000CWHT
2010-06-20,63.0,736,GHCND:USR0000CWHT
2010-06-20,49.0,1722,GHCND:USR0000CBOG
2010-06-20,57.0,1267,GHCND:USR0000CLAS
2010-06-20,51.0,1725,GHCND:USR0000CMAN
2010-06-20,51.0,1767,GHCND:USR0000CWES
2010-06-19,60.0,736,GHCND:USR0000CWHT
2010-06-19,49.0,1722,GHCND:USR0000CBOG
2010-06-19,56.0,1267,GHCND:USR0000CLAS
2010-06-19,49.0,1725,GHCND:USR0000CMAN
2010-06-19,51.0,1767,GHCND:USR0000CWES
2009-06-22,70.0,736,GHCND:USR0000CWHT
2009-06-22,51.0,1722,GHCND:USR0000CBOG
2009-06-22,65.0,1267,GHCND:USR0000CLAS
2009-06-22,54.0,1725,GHCND:USR0000CMAN
2009-06-22,55.0,1767,GHCND:USR0000CWES
2009-06-21,47.0,1722,GHCND:USR0000CBOG
2009-06-21,55.0,1267,GHCND:USR0000CLAS
2009-06-21,47.0,1725,GHCND:USR0000CMAN
2009-06-21,49.0,1767,GHCND:USR0000CWES
2009-06-21,60.0,736,GHCND:USR0000CWHT
2009-06-20,66.0,736,GHCND:USR0000CWHT
2009-06-20,52.0,1722,GHCND:USR0000CBOG
2009-06-20,60.0,1267,GHCND:USR0000CLAS
2009-06-20,52.0,1725,GHCND:USR0000CMAN
2009-06-20,54.0,1767,GHCND:USR0000CWES
2009-06-19,72.0,736,GHCND:USR0000CWHT
2009-06-19,54.0,1722,GHCND:USR0000CBOG
2009-06-19,68.0,1267,GHCND:USR0000CLAS
2009-06-19,58.0,1725,GHCND:USR0000CMAN
2009-06-19,60.0,1767,GHCND:USR0000CWES
