{"type": "FeatureCollection", "features": [{"type": "Feature", "id": "d649c780-b0e6-11ea-b5b1-acde48001122", "geometry": null, "properties": {"class": "Folder", "title": "weather"}}, {"type": "Feature", "id": "d649cf28-b0e6-11ea-b5b1-acde48001122", "geometry": {"type": "Point", "coordinates": [-121.2422, 40.3033, 0, 0]}, "properties": {"title": "CHESTER, CA US", "description": "{'api': 'NOAA', 'name': 'CHESTER, CA US', 'id': 'COOP:041700', 'lat': 40.3033, 'long': -121.2422, 'elevation': 1380}", "class": "Marker", "marker-color": "#00FFFF", "marker-symbol": "point", "folderId": "d649c780-b0e6-11ea-b5b1-acde48001122"}}, {"type": "Feature", "id": "d649d216-b0e6-11ea-b5b1-acde48001122", "geometry": {"type": "Point", "coordinates": [-121.73333, 40.43333, 0, 0]}, "properties": {"title": "FORWARD MILL, CA US", "description": "{'api': 'NOAA', 'name': 'FORWARD MILL, CA US', 'id': 'COOP:043204', 'lat': 40.43333, 'long': -121.73333, 'elevation': 1007}", "class": "Marker", "marker-color": "#00FFFF", "marker-symbol": "point", "folderId": "d649c780-b0e6-11ea-b5b1-acde48001122"}}, {"type": "Feature", "id": "d649d3e2-b0e6-11ea-b5b1-acde48001122", "geometry": {"type": "Point", "coordinates": [-121.08333, 40.26667, 0, 0]}, "properties": {"title": "HAMILTON BRANCH FIRE, CA US", "description": "{'api': 'NOAA', 'name': 'HAMILTON BRANCH FIRE, CA US', 'id': 'COOP:043725', 'lat': 40.26667, 'long': -121.08333, 'elevation': 1389}", "class": "Marker", "marker-color": "#00FFFF", "marker-symbol": "point", "folderId": "d649c780-b0e6-11ea-b5b1-acde48001122"}}, {"type": "Feature", "id": "d649d5c2-b0e6-11ea-b5b1-acde48001122", "geometry": {"type": "Point", "coordinates": [-121.86667, 40.68333, 0, 0]}, "properties": {"title": "KILARC PH, CA US", "description": "{'api': 'NOAA', 'name': 'KILARC PH, CA US', 'id': 'COOP:044544', 'lat': 40.68333, 'long': -121.86667, 'elevation': 808}", "class": "Marker", "marker-color": "#00FFFF", "marker-symbol": "point", "folderId": "d649c780-b0e6-11ea-b5b1-acde48001122"}}, {"type": "Feature", "id": "d649d7ca-b0e6-11ea-b5b1-acde48001122", "geometry": {"type": "Point", "coordinates": [-121.5766, 40.5411, 0, 0]}, "properties": {"title": "MANZANITA LAKE, CA US", "description": "{'api': 'NOAA', 'name': 'MANZANITA LAKE, CA US', 'id': 'COOP:045311', 'lat': 40.5411, 'long': -121.5766, 'elevation': 1752}", "class": "Marker", "marker-color": "#00FFFF", "marker-symbol": "point", "folderId": "d649c780-b0e6-11ea-b5b1-acde48001122"}}, {"type": "Feature", "id": "d649da4a-b0e6-11ea-b5b1-acde48001122", "geometry": {"type": "Point", "coordinates": [-121.6091, 40.3458, 0, 0]}, "properties": {"title": "MINERAL, CA US", "description": "{'api': 'NOAA', 'name': 'MINERAL, CA US', 'id': 'COOP:045679', 'lat': 40.3458, 'long': -121.6091, 'elevation': 1485}", "class": "Marker", "marker-color": "#00FFFF", "marker-symbol": "point", "folderId": "d649c780-b0e6-11ea-b5b1-acde48001122"}}, {"type": "Feature", "id": "d649dc2a-b0e6-11ea-b5b1-acde48001122", "geometry": {"type": "Point", "coordinates": [-121.9, 40.33333, 0, 0]}, "properties": {"title": "PAYNES CREEK, CA US", "description": "{'api': 'NOAA', 'name': 'PAYNES CREEK, CA US', 'id': 'COOP:046761', 'lat': 40.33333, 'long': -121.9, 'elevation': 561}", "class": "Marker", "marker-color": "#00FFFF", "marker-symbol": "point", "folderId": "d649c780-b0e6-11ea-b5b1-acde48001122"}}, {"type": "Feature", "id": "d649de50-b0e6-11ea-b5b1-acde48001122", "geometry": {"type": "Point", "coordinates": [-121.85, 40.5, 0, 0]}, "properties": {"title": "SHINGLETOWN 2 E, CA US", "description": "{'api': 'NOAA', 'name': 'SHINGLETOWN 2 E, CA US', 'id': 'COOP:048175', 'lat': 40.5, 'long': -121.85, 'elevation': 1083}", "class": "Marker", "marker-color": "#00FFFF", "marker-symbol": "point", "folderId": "d649c780-b0e6-11ea-b5b1-acde48001122"}}, {"type": "Feature", "id": "d649e2ce-b0e6-11ea-b5b1-acde48001122", "geometry": {"type": "Point", "coordinates": [-121.8663, 40.4583, 0, 0]}, "properties": {"title": "VOLTA PH, CA US", "description": "{'api': 'NOAA', 'name': 'VOLTA PH, CA US', 'id': 'COOP:049390', 'lat': 40.4583, 'long': -121.8663, 'elevation': 676}", "class": "Marker", "marker-color": "#00FFFF", "marker-symbol": "point", "folderId": "d649c780-b0e6-11ea-b5b1-acde48001122"}}, {"type": "Feature", "id": "d649eb20-b0e6-11ea-b5b1-acde48001122", "geometry": {"type": "Point", "coordinates": [-121.0, 40.3, 0, 0]}, "properties": {"title": "WESTWOOD, CA US", "description": "{'api': 'NOAA', 'name': 'WESTWOOD, CA US', 'id': 'COOP:049599', 'lat': 40.3, 'long': -121.0, 'elevation': 1545}", "class": "Marker", "marker-color": "#00FFFF", "marker-symbol": "point", "folderId": "d649c780-b0e6-11ea-b5b1-acde48001122"}}, {"type": "Feature", "id": "d649eddc-b0e6-11ea-b5b1-acde48001122", "geometry": {"type": "Point", "coordinates": [-121.0, 40.3, 0, 0]}, "properties": {"title": "WESTWOOD, CA US", "description": "{'api': 'NOAA', 'name': 'WESTWOOD, CA US', 'id': 'COOP:049599', 'lat': 40.3, 'long': -121.0, 'elevation': 1545}", "class": "Marker", "marker-color": "#00FFFF", "marker-symbol": "point", "folderId": "d649c780-b0e6-11ea-b5b1-acde48001122"}}, {"type": "Feature", "id": "d649ef8a-b0e6-11ea-b5b1-acde48001122", "geometry": {"type": "Point", "coordinates": [-121.05, 40.3, 0, 0]}, "properties": {"title": "WESTWOOD 3 WSW, CA US", "description": "{'api': 'NOAA', 'name': 'WESTWOOD 3 WSW, CA US', 'id': 'COOP:049600', 'lat': 40.3, 'long': -121.05, 'elevation': 1521}", "class": "Marker", "marker-color": "#00FFFF", "marker-symbol": "point", "folderId": "d649c780-b0e6-11ea-b5b1-acde48001122"}}, {"type": "Feature", "id": "d649f110-b0e6-11ea-b5b1-acde48001122", "geometry": {"type": "Point", "coordinates": [-121.224948, 40.311354, 0, 0]}, "properties": {"title": "CHESTER 0.9 NNE, CA US", "description": "{'api': 'NOAA', 'name': 'CHESTER 0.9 NNE, CA US', 'id': 'GHCND:US1CAPM0003', 'lat': 40.3113535, 'long': -121.2249477, 'elevation': 1381}", "class": "Marker", "marker-color": "#00FFFF", "marker-symbol": "point", "folderId": "d649c780-b0e6-11ea-b5b1-acde48001122"}}, {"type": "Feature", "id": "d649f282-b0e6-11ea-b5b1-acde48001122", "geometry": {"type": "Point", "coordinates": [-121.795657, 40.523927, 0, 0]}, "properties": {"title": "SHINGLETOWN 5.3 ENE, CA US", "description": "{'api': 'NOAA', 'name': 'SHINGLETOWN 5.3 ENE, CA US', 'id': 'GHCND:US1CASH0006', 'lat': 40.523927, 'long': -121.795657, 'elevation': 1208}", "class": "Marker", "marker-color": "#00FFFF", "marker-symbol": "point", "folderId": "d649c780-b0e6-11ea-b5b1-acde48001122"}}, {"type": "Feature", "id": "d649f3f4-b0e6-11ea-b5b1-acde48001122", "geometry": {"type": "Point", "coordinates": [-122.02361, 40.68528, 0, 0]}, "properties": {"title": "OAK RUN 0.2 SE, CA US", "description": "{'api': 'NOAA', 'name': 'OAK RUN 0.2 SE, CA US', 'id': 'GHCND:US1CASH0035', 'lat': 40.68528, 'long': -122.02361, 'elevation': 497}", "class": "Marker", "marker-color": "#00FFFF", "marker-symbol": "point", "folderId": "d649c780-b0e6-11ea-b5b1-acde48001122"}}, {"type": "Feature", "id": "d649f552-b0e6-11ea-b5b1-acde48001122", "geometry": {"type": "Point", "coordinates": [-121.9, 40.49, 0, 0]}, "properties": {"title": "SHINGLETOWN 0.6 WSW, CA US", "description": "{'api': 'NOAA', 'name': 'SHINGLETOWN 0.6 WSW, CA US', 'id': 'GHCND:US1CASH0049', 'lat': 40.49, 'long': -121.9, 'elevation': 1054}", "class": "Marker", "marker-color": "#00FFFF", "marker-symbol": "point", "folderId": "d649c780-b0e6-11ea-b5b1-acde48001122"}}, {"type": "Feature", "id": "d649f6ba-b0e6-11ea-b5b1-acde48001122", "geometry": {"type": "Point", "coordinates": [-121.701081, 40.531782, 0, 0]}, "properties": {"title": "SHINGLETOWN 10.3 ENE, CA US", "description": "{'api': 'NOAA', 'name': 'SHINGLETOWN 10.3 ENE, CA US', 'id': 'GHCND:US1CASH0050', 'lat': 40.531782, 'long': -121.701081, 'elevation': 1285}", "class": "Marker", "marker-color": "#00FFFF", "marker-symbol": "point", "folderId": "d649c780-b0e6-11ea-b5b1-acde48001122"}}, {"type": "Feature", "id": "d649fb4c-b0e6-11ea-b5b1-acde48001122", "geometry": {"type": "Point", "coordinates": [-121.908863, 40.529958, 0, 0]}, "properties": {"title": "SHINGLETOWN 2.8 NNW, CA US", "description": "{'api': 'NOAA', 'name': 'SHINGLETOWN 2.8 NNW, CA US', 'id': 'GHCND:US1CASH0053', 'lat': 40.529958, 'long': -121.908863, 'elevation': 787}", "class": "Marker", "marker-color": "#00FFFF", "marker-symbol": "point", "folderId": "d649c780-b0e6-11ea-b5b1-acde48001122"}}, {"type": "Feature", "id": "d649fda4-b0e6-11ea-b5b1-acde48001122", "geometry": {"type": "Point", "coordinates": [-121.833956, 40.519467, 0, 0]}, "properties": {"title": "SHINGLETOWN 3.5 ENE, CA US", "description": "{'api': 'NOAA', 'name': 'SHINGLETOWN 3.5 ENE, CA US', 'id': 'GHCND:US1CASH0059', 'lat': 40.51946667, 'long': -121.8339564, 'elevation': 1157}", "class": "Marker", "marker-color": "#00FFFF", "marker-symbol": "point", "folderId": "d649c780-b0e6-11ea-b5b1-acde48001122"}}, {"type": "Feature", "id": "d649fff2-b0e6-11ea-b5b1-acde48001122", "geometry": {"type": "Point", "coordinates": [-121.8727, 40.679605, 0, 0]}, "properties": {"title": "WHITMORE 4.1 NNE, CA US", "description": "{'api': 'NOAA', 'name': 'WHITMORE 4.1 NNE, CA US', 'id': 'GHCND:US1CASH0067', 'lat': 40.679605, 'long': -121.8727, 'elevation': 820}", "class": "Marker", "marker-color": "#00FFFF", "marker-symbol": "point", "folderId": "d649c780-b0e6-11ea-b5b1-acde48001122"}}, {"type": "Feature", "id": "d64a0290-b0e6-11ea-b5b1-acde48001122", "geometry": {"type": "Point", "coordinates": [-121.843341, 40.498777, 0, 0]}, "properties": {"title": "SHINGLETOWN 2.5 E, CA US", "description": "{'api': 'NOAA', 'name': 'SHINGLETOWN 2.5 E, CA US', 'id': 'GHCND:US1CASH0069', 'lat': 40.498777, 'long': -121.843341, 'elevation': 1110}", "class": "Marker", "marker-color": "#00FFFF", "marker-symbol": "point", "folderId": "d649c780-b0e6-11ea-b5b1-acde48001122"}}, {"type": "Feature", "id": "d64a061e-b0e6-11ea-b5b1-acde48001122", "geometry": {"type": "Point", "coordinates": [-121.995853, 40.431897, 0, 0]}, "properties": {"title": "PAYNES CREEK 7.9 NNW, CA US", "description": "{'api': 'NOAA', 'name': 'PAYNES CREEK 7.9 NNW, CA US', 'id': 'GHCND:US1CASH0071', 'lat': 40.43189722, 'long': -121.9958528, 'elevation': 296}", "class": "Marker", "marker-color": "#00FFFF", "marker-symbol": "point", "folderId": "d649c780-b0e6-11ea-b5b1-acde48001122"}}, {"type": "Feature", "id": "d64a097a-b0e6-11ea-b5b1-acde48001122", "geometry": {"type": "Point", "coordinates": [-121.855933, 40.437502, 0, 0]}, "properties": {"title": "MANTON 0.8 ENE, CA US", "description": "{'api': 'NOAA', 'name': 'MANTON 0.8 ENE, CA US', 'id': 'GHCND:US1CATH0036', 'lat': 40.4375021, 'long': -121.855933, 'elevation': 644}", "class": "Marker", "marker-color": "#00FFFF", "marker-symbol": "point", "folderId": "d649c780-b0e6-11ea-b5b1-acde48001122"}}, {"type": "Feature", "id": "d64a0b50-b0e6-11ea-b5b1-acde48001122", "geometry": {"type": "Point", "coordinates": [-121.2422, 40.3033, 0, 0]}, "properties": {"title": "CHESTER, CA US", "description": "{'api': 'NOAA', 'name': 'CHESTER, CA US', 'id': 'GHCND:USC00041700', 'lat': 40.3033, 'long': -121.2422, 'elevation': 1380}", "class": "Marker", "marker-color": "#00FFFF", "marker-symbol": "point", "folderId": "d649c780-b0e6-11ea-b5b1-acde48001122"}}, {"type": "Feature", "id": "d64a0d30-b0e6-11ea-b5b1-acde48001122", "geometry": {"type": "Point", "coordinates": [-121.73333, 40.43333, 0, 0]}, "properties": {"title": "FORWARD MILL, CA US", "description": "{'api': 'NOAA', 'name': 'FORWARD MILL, CA US', 'id': 'GHCND:USC00043204', 'lat': 40.43333, 'long': -121.73333, 'elevation': 1007}", "class": "Marker", "marker-color": "#00FFFF", "marker-symbol": "point", "folderId": "d649c780-b0e6-11ea-b5b1-acde48001122"}}, {"type": "Feature", "id": "d64a0fec-b0e6-11ea-b5b1-acde48001122", "geometry": {"type": "Point", "coordinates": [-121.86667, 40.68333, 0, 0]}, "properties": {"title": "KILARC PH, CA US", "description": "{'api': 'NOAA', 'name': 'KILARC PH, CA US', 'id': 'GHCND:USC00044544', 'lat': 40.68333, 'long': -121.86667, 'elevation': 808}", "class": "Marker", "marker-color": "#00FFFF", "marker-symbol": "point", "folderId": "d649c780-b0e6-11ea-b5b1-acde48001122"}}, {"type": "Feature", "id": "d64a1168-b0e6-11ea-b5b1-acde48001122", "geometry": {"type": "Point", "coordinates": [-121.5766, 40.5411, 0, 0]}, "properties": {"title": "MANZANITA LAKE, CA US", "description": "{'api': 'NOAA', 'name': 'MANZANITA LAKE, CA US', 'id': 'GHCND:USC00045311', 'lat': 40.5411, 'long': -121.5766, 'elevation': 1752}", "class": "Marker", "marker-color": "#00FFFF", "marker-symbol": "point", "folderId": "d649c780-b0e6-11ea-b5b1-acde48001122"}}, {"type": "Feature", "id": "d64a12ee-b0e6-11ea-b5b1-acde48001122", "geometry": {"type": "Point", "coordinates": [-121.6091, 40.3458, 0, 0]}, "properties": {"title": "MINERAL, CA US", "description": "{'api': 'NOAA', 'name': 'MINERAL, CA US', 'id': 'GHCND:USC00045679', 'lat': 40.3458, 'long': -121.6091, 'elevation': 1485}", "class": "Marker", "marker-color": "#00FFFF", "marker-symbol": "point", "folderId": "d649c780-b0e6-11ea-b5b1-acde48001122"}}, {"type": "Feature", "id": "d64a144c-b0e6-11ea-b5b1-acde48001122", "geometry": {"type": "Point", "coordinates": [-121.9, 40.33333, 0, 0]}, "properties": {"title": "PAYNES CREEK, CA US", "description": "{'api': 'NOAA', 'name': 'PAYNES CREEK, CA US', 'id': 'GHCND:USC00046761', 'lat': 40.33333, 'long': -121.9, 'elevation': 561}", "class": "Marker", "marker-color": "#00FFFF", "marker-symbol": "point", "folderId": "d649c780-b0e6-11ea-b5b1-acde48001122"}}, {"type": "Feature", "id": "d64a15a0-b0e6-11ea-b5b1-acde48001122", "geometry": {"type": "Point", "coordinates": [-121.85, 40.5, 0, 0]}, "properties": {"title": "SHINGLETOWN 2 E, CA US", "description": "{'api': 'NOAA', 'name': 'SHINGLETOWN 2 E, CA US', 'id': 'GHCND:USC00048175', 'lat': 40.5, 'long': -121.85, 'elevation': 1083}", "class": "Marker", "marker-color": "#00FFFF", "marker-symbol": "point", "folderId": "d649c780-b0e6-11ea-b5b1-acde48001122"}}, {"type": "Feature", "id": "d64a171c-b0e6-11ea-b5b1-acde48001122", "geometry": {"type": "Point", "coordinates": [-121.8663, 40.4583, 0, 0]}, "properties": {"title": "VOLTA PH, CA US", "description": "{'api': 'NOAA', 'name': 'VOLTA PH, CA US', 'id': 'GHCND:USC00049390', 'lat': 40.4583, 'long': -121.8663, 'elevation': 676}", "class": "Marker", "marker-color": "#00FFFF", "marker-symbol": "point", "folderId": "d649c780-b0e6-11ea-b5b1-acde48001122"}}, {"type": "Feature", "id": "d64a1884-b0e6-11ea-b5b1-acde48001122", "geometry": {"type": "Point", "coordinates": [-121.0, 40.3, 0, 0]}, "properties": {"title": "WESTWOOD, CA US", "description": "{'api': 'NOAA', 'name': 'WESTWOOD, CA US', 'id': 'GHCND:USC00049599', 'lat': 40.3, 'long': -121.0, 'elevation': 1545}", "class": "Marker", "marker-color": "#00FFFF", "marker-symbol": "point", "folderId": "d649c780-b0e6-11ea-b5b1-acde48001122"}}, {"type": "Feature", "id": "d64a19d8-b0e6-11ea-b5b1-acde48001122", "geometry": {"type": "Point", "coordinates": [-121.05, 40.3, 0, 0]}, "properties": {"title": "WESTWOOD 3 WSW, CA US", "description": "{'api': 'NOAA', 'name': 'WESTWOOD 3 WSW, CA US', 'id': 'GHCND:USC00049600', 'lat': 40.3, 'long': -121.05, 'elevation': 1521}", "class": "Marker", "marker-color": "#00FFFF", "marker-symbol": "point", "folderId": "d649c780-b0e6-11ea-b5b1-acde48001122"}}, {"type": "Feature", "id": "d64a1b36-b0e6-11ea-b5b1-acde48001122", "geometry": {"type": "Point", "coordinates": [-121.0831, 40.5981, 0, 0]}, "properties": {"title": "BOGARD RANGER STATION CALIFORNIA, CA US", "description": "{'api': 'NOAA', 'name': 'BOGARD RANGER STATION CALIFORNIA, CA US', 'id': 'GHCND:USR0000CBOG', 'lat': 40.5981, 'long': -121.0831, 'elevation': 1722}", "class": "Marker", "marker-color": "#00FFFF", "marker-symbol": "point", "folderId": "d649c780-b0e6-11ea-b5b1-acde48001122"}}, {"type": "Feature", "id": "d64a1c9e-b0e6-11ea-b5b1-acde48001122", "geometry": {"type": "Point", "coordinates": [-121.7136, 40.3442, 0, 0]}, "properties": {"title": "LASSEN LODGE CALIFORNIA, CA US", "description": "{'api': 'NOAA', 'name': 'LASSEN LODGE CALIFORNIA, CA US', 'id': 'GHCND:USR0000CLAS', 'lat': 40.3442, 'long': -121.7136, 'elevation': 1267}", "class": "Marker", "marker-color": "#00FFFF", "marker-symbol": "point", "folderId": "d649c780-b0e6-11ea-b5b1-acde48001122"}}, {"type": "Feature", "id": "d64a1e06-b0e6-11ea-b5b1-acde48001122", "geometry": {"type": "Point", "coordinates": [-121.5803, 40.54, 0, 0]}, "properties": {"title": "MANZANITA LAKE CALIFORNIA, CA US", "description": "{'api': 'NOAA', 'name': 'MANZANITA LAKE CALIFORNIA, CA US', 'id': 'GHCND:USR0000CMAN', 'lat': 40.54, 'long': -121.5803, 'elevation': 1725}", "class": "Marker", "marker-color": "#00FFFF", "marker-symbol": "point", "folderId": "d649c780-b0e6-11ea-b5b1-acde48001122"}}, {"type": "Feature", "id": "d64a1f64-b0e6-11ea-b5b1-acde48001122", "geometry": {"type": "Point", "coordinates": [-120.9, 40.3067, 0, 0]}, "properties": {"title": "WESTWOOD CALIFORNIA, CA US", "description": "{'api': 'NOAA', 'name': 'WESTWOOD CALIFORNIA, CA US', 'id': 'GHCND:USR0000CWES', 'lat': 40.3067, 'long': -120.9, 'elevation': 1767}", "class": "Marker", "marker-color": "#00FFFF", "marker-symbol": "point", "folderId": "d649c780-b0e6-11ea-b5b1-acde48001122"}}, {"type": "Feature", "id": "d64a20d6-b0e6-11ea-b5b1-acde48001122", "geometry": {"type": "Point", "coordinates": [-121.8994, 40.6194, 0, 0]}, "properties": {"title": "WHITMORE CALIFORNIA, CA US", "description": "{'api': 'NOAA', 'name': 'WHITMORE CALIFORNIA, CA US', 'id': 'GHCND:USR0000CWHT', 'lat': 40.6194, 'long': -121.8994, 'elevation': 736}", "class": "Marker", "marker-color": "#00FFFF", "marker-symbol": "point", "folderId": "d649c780-b0e6-11ea-b5b1-acde48001122"}}]}